fecha,hora,sexo,emocion,porcentaje,curso,grado,materia,temperatura
2025-08-26,11:47:20,Hombre,feliz,0.0,basica,2-basico,musica,11.1
2025-08-26,11:47:20,Hombre,triste,0.2,basica,2-basico,musica,11.1
2025-08-26,11:47:20,Hombre,enojado,0.05,basica,2-basico,musica,11.1
2025-08-26,11:47:20,Hombre,neutral,99.75,basica,2-basico,musica,11.1
2025-08-26,11:47:20,Hombre,sorpresa,0.0,basica,2-basico,musica,11.1
2025-08-26,11:47:20,Hombre,miedo,0.0,basica,2-basico,musica,11.1
2025-08-26,11:47:20,Hombre,asco,0.0,basica,2-basico,musica,11.1
2025-08-26,11:47:41,Hombre,feliz,0.12,basica,2-basico,musica,11.1
2025-08-26,11:47:41,Hombre,triste,29.23,basica,2-basico,musica,11.1
2025-08-26,11:47:41,Hombre,enojado,17.96,basica,2-basico,musica,11.1
2025-08-26,11:47:41,Hombre,neutral,50.57,basica,2-basico,musica,11.1
2025-08-26,11:47:41,Hombre,sorpresa,0.0,basica,2-basico,musica,11.1
2025-08-26,11:47:41,Hombre,miedo,2.12,basica,2-basico,musica,11.1
2025-08-26,11:47:41,Hombre,asco,0.0,basica,2-basico,musica,11.1
2025-08-26,11:47:43,Hombre,feliz,0.02,basica,2-basico,musica,11.1
2025-08-26,11:47:43,Hombre,triste,46.99,basica,2-basico,musica,11.1
2025-08-26,11:47:43,Hombre,enojado,8.87,basica,2-basico,musica,11.1
2025-08-26,11:47:43,Hombre,neutral,42.95,basica,2-basico,musica,11.1
2025-08-26,11:47:43,Hombre,sorpresa,0.0,basica,2-basico,musica,11.1
2025-08-26,11:47:43,Hombre,miedo,1.17,basica,2-basico,musica,11.1
2025-08-26,11:47:43,Hombre,asco,0.0,basica,2-basico,musica,11.1
2025-08-26,11:47:44,Hombre,feliz,0.45,basica,2-basico,musica,11.1
2025-08-26,11:47:44,Hombre,triste,40.93,basica,2-basico,musica,11.1
2025-08-26,11:47:44,Hombre,enojado,8.85,basica,2-basico,musica,11.1
2025-08-26,11:47:44,Hombre,neutral,47.92,basica,2-basico,musica,11.1
2025-08-26,11:47:44,Hombre,sorpresa,0.0,basica,2-basico,musica,11.1
2025-08-26,11:47:44,Hombre,miedo,1.84,basica,2-basico,musica,11.1
2025-08-26,11:47:44,Hombre,asco,0.0,basica,2-basico,musica,11.1
2025-08-26,11:47:44,Hombre,feliz,0.2,basica,2-basico,musica,11.1
2025-08-26,11:47:44,Hombre,triste,3.55,basica,2-basico,musica,11.1
2025-08-26,11:47:44,Hombre,enojado,1.37,basica,2-basico,musica,11.1
2025-08-26,11:47:44,Hombre,neutral,94.44,basica,2-basico,musica,11.1
2025-08-26,11:47:44,Hombre,sorpresa,0.0,basica,2-basico,musica,11.1
2025-08-26,11:47:44,Hombre,miedo,0.45,basica,2-basico,musica,11.1
2025-08-26,11:47:44,Hombre,asco,0.0,basica,2-basico,musica,11.1
2025-08-26,11:47:45,Hombre,feliz,0.08,basica,2-basico,musica,11.1
2025-08-26,11:47:45,Hombre,triste,23.75,basica,2-basico,musica,11.1
2025-08-26,11:47:45,Hombre,enojado,12.81,basica,2-basico,musica,11.1
2025-08-26,11:47:45,Hombre,neutral,60.14,basica,2-basico,musica,11.1
2025-08-26,11:47:45,Hombre,sorpresa,0.0,basica,2-basico,musica,11.1
2025-08-26,11:47:45,Hombre,miedo,3.22,basica,2-basico,musica,11.1
2025-08-26,11:47:45,Hombre,asco,0.0,basica,2-basico,musica,11.1
2025-08-26,11:47:46,Hombre,feliz,0.02,basica,2-basico,musica,11.1
2025-08-26,11:47:46,Hombre,triste,67.38,basica,2-basico,musica,11.1
2025-08-26,11:47:46,Hombre,enojado,7.79,basica,2-basico,musica,11.1
2025-08-26,11:47:46,Hombre,neutral,16.14,basica,2-basico,musica,11.1
2025-08-26,11:47:46,Hombre,sorpresa,0.0,basica,2-basico,musica,11.1
2025-08-26,11:47:46,Hombre,miedo,8.68,basica,2-basico,musica,11.1
2025-08-26,11:47:46,Hombre,asco,0.0,basica,2-basico,musica,11.1
2025-08-26,11:47:46,Hombre,feliz,0.14,basica,2-basico,musica,11.1
2025-08-26,11:47:46,Hombre,triste,4.27,basica,2-basico,musica,11.1
2025-08-26,11:47:46,Hombre,enojado,2.22,basica,2-basico,musica,11.1
2025-08-26,11:47:46,Hombre,neutral,92.84,basica,2-basico,musica,11.1
2025-08-26,11:47:46,Hombre,sorpresa,0.0,basica,2-basico,musica,11.1
2025-08-26,11:47:46,Hombre,miedo,0.53,basica,2-basico,musica,11.1
2025-08-26,11:47:46,Hombre,asco,0.0,basica,2-basico,musica,11.1
2025-08-26,11:47:47,Hombre,feliz,0.62,basica,2-basico,musica,11.1
2025-08-26,11:47:47,Hombre,triste,24.43,basica,2-basico,musica,11.1
2025-08-26,11:47:47,Hombre,enojado,5.0,basica,2-basico,musica,11.1
2025-08-26,11:47:47,Hombre,neutral,68.24,basica,2-basico,musica,11.1
2025-08-26,11:47:47,Hombre,sorpresa,0.02,basica,2-basico,musica,11.1
2025-08-26,11:47:47,Hombre,miedo,1.68,basica,2-basico,musica,11.1
2025-08-26,11:47:47,Hombre,asco,0.0,basica,2-basico,musica,11.1
2025-08-26,11:47:47,Hombre,feliz,0.52,basica,2-basico,musica,11.1
2025-08-26,11:47:47,Hombre,triste,82.85,basica,2-basico,musica,11.1
2025-08-26,11:47:47,Hombre,enojado,5.17,basica,2-basico,musica,11.1
2025-08-26,11:47:47,Hombre,neutral,5.65,basica,2-basico,musica,11.1
2025-08-26,11:47:47,Hombre,sorpresa,0.01,basica,2-basico,musica,11.1
2025-08-26,11:47:47,Hombre,miedo,5.8,basica,2-basico,musica,11.1
2025-08-26,11:47:47,Hombre,asco,0.0,basica,2-basico,musica,11.1
2025-08-26,11:47:48,Hombre,feliz,0.08,basica,2-basico,musica,11.1
2025-08-26,11:47:48,Hombre,triste,52.54,basica,2-basico,musica,11.1
2025-08-26,11:47:48,Hombre,enojado,14.35,basica,2-basico,musica,11.1
2025-08-26,11:47:48,Hombre,neutral,27.91,basica,2-basico,musica,11.1
2025-08-26,11:47:48,Hombre,sorpresa,0.01,basica,2-basico,musica,11.1
2025-08-26,11:47:48,Hombre,miedo,5.12,basica,2-basico,musica,11.1
2025-08-26,11:47:48,Hombre,asco,0.0,basica,2-basico,musica,11.1
2025-08-26,11:47:48,Hombre,feliz,0.07,basica,2-basico,musica,11.1
2025-08-26,11:47:48,Hombre,triste,22.5,basica,2-basico,musica,11.1
2025-08-26,11:47:48,Hombre,enojado,6.15,basica,2-basico,musica,11.1
2025-08-26,11:47:48,Hombre,neutral,0.47,basica,2-basico,musica,11.1
2025-08-26,11:47:48,Hombre,sorpresa,0.01,basica,2-basico,musica,11.1
2025-08-26,11:47:48,Hombre,miedo,70.8,basica,2-basico,musica,11.1
2025-08-26,11:47:48,Hombre,asco,0.0,basica,2-basico,musica,11.1
2025-08-26,11:47:49,Hombre,feliz,0.0,basica,2-basico,musica,11.1
2025-08-26,11:47:49,Hombre,triste,23.05,basica,2-basico,musica,11.1
2025-08-26,11:47:49,Hombre,enojado,2.21,basica,2-basico,musica,11.1
2025-08-26,11:47:49,Hombre,neutral,7.08,basica,2-basico,musica,11.1
2025-08-26,11:47:49,Hombre,sorpresa,0.05,basica,2-basico,musica,11.1
2025-08-26,11:47:49,Hombre,miedo,67.6,basica,2-basico,musica,11.1
2025-08-26,11:47:49,Hombre,asco,0.0,basica,2-basico,musica,11.1
2025-08-26,11:47:49,Hombre,feliz,0.52,basica,2-basico,musica,11.1
2025-08-26,11:47:49,Hombre,triste,39.83,basica,2-basico,musica,11.1
2025-08-26,11:47:49,Hombre,enojado,14.16,basica,2-basico,musica,11.1
2025-08-26,11:47:49,Hombre,neutral,41.63,basica,2-basico,musica,11.1
2025-08-26,11:47:49,Hombre,sorpresa,0.01,basica,2-basico,musica,11.1
2025-08-26,11:47:49,Hombre,miedo,3.86,basica,2-basico,musica,11.1
2025-08-26,11:47:49,Hombre,asco,0.0,basica,2-basico,musica,11.1
2025-08-26,11:47:50,Hombre,feliz,44.41,basica,2-basico,musica,11.1
2025-08-26,11:47:50,Hombre,triste,32.93,basica,2-basico,musica,11.1
2025-08-26,11:47:50,Hombre,enojado,2.17,basica,2-basico,musica,11.1
2025-08-26,11:47:50,Hombre,neutral,3.88,basica,2-basico,musica,11.1
2025-08-26,11:47:50,Hombre,sorpresa,0.05,basica,2-basico,musica,11.1
2025-08-26,11:47:50,Hombre,miedo,16.55,basica,2-basico,musica,11.1
2025-08-26,11:47:50,Hombre,asco,0.0,basica,2-basico,musica,11.1
2025-08-26,11:47:51,Hombre,feliz,90.84,basica,2-basico,musica,11.1
2025-08-26,11:47:51,Hombre,triste,0.27,basica,2-basico,musica,11.1
2025-08-26,11:47:51,Hombre,enojado,0.13,basica,2-basico,musica,11.1
2025-08-26,11:47:51,Hombre,neutral,8.72,basica,2-basico,musica,11.1
2025-08-26,11:47:51,Hombre,sorpresa,0.02,basica,2-basico,musica,11.1
2025-08-26,11:47:51,Hombre,miedo,0.04,basica,2-basico,musica,11.1
2025-08-26,11:47:51,Hombre,asco,0.0,basica,2-basico,musica,11.1
2025-08-26,11:47:51,Hombre,feliz,94.85,basica,2-basico,musica,11.1
2025-08-26,11:47:51,Hombre,triste,0.09,basica,2-basico,musica,11.1
2025-08-26,11:47:51,Hombre,enojado,0.01,basica,2-basico,musica,11.1
2025-08-26,11:47:51,Hombre,neutral,4.44,basica,2-basico,musica,11.1
2025-08-26,11:47:51,Hombre,sorpresa,0.15,basica,2-basico,musica,11.1
2025-08-26,11:47:51,Hombre,miedo,0.45,basica,2-basico,musica,11.1
2025-08-26,11:47:51,Hombre,asco,0.0,basica,2-basico,musica,11.1
2025-08-26,11:47:52,Hombre,feliz,19.15,basica,2-basico,musica,11.1
2025-08-26,11:47:52,Hombre,triste,12.07,basica,2-basico,musica,11.1
2025-08-26,11:47:52,Hombre,enojado,2.55,basica,2-basico,musica,11.1
2025-08-26,11:47:52,Hombre,neutral,61.22,basica,2-basico,musica,11.1
2025-08-26,11:47:52,Hombre,sorpresa,1.48,basica,2-basico,musica,11.1
2025-08-26,11:47:52,Hombre,miedo,3.53,basica,2-basico,musica,11.1
2025-08-26,11:47:52,Hombre,asco,0.0,basica,2-basico,musica,11.1
2025-08-26,11:47:52,Hombre,feliz,84.4,basica,2-basico,musica,11.1
2025-08-26,11:47:52,Hombre,triste,2.45,basica,2-basico,musica,11.1
2025-08-26,11:47:52,Hombre,enojado,0.1,basica,2-basico,musica,11.1
2025-08-26,11:47:52,Hombre,neutral,4.7,basica,2-basico,musica,11.1
2025-08-26,11:47:52,Hombre,sorpresa,0.54,basica,2-basico,musica,11.1
2025-08-26,11:47:52,Hombre,miedo,7.79,basica,2-basico,musica,11.1
2025-08-26,11:47:52,Hombre,asco,0.02,basica,2-basico,musica,11.1
2025-08-26,11:47:53,Hombre,feliz,82.55,basica,2-basico,musica,11.1
2025-08-26,11:47:53,Hombre,triste,1.8,basica,2-basico,musica,11.1
2025-08-26,11:47:53,Hombre,enojado,0.13,basica,2-basico,musica,11.1
2025-08-26,11:47:53,Hombre,neutral,9.6,basica,2-basico,musica,11.1
2025-08-26,11:47:53,Hombre,sorpresa,0.49,basica,2-basico,musica,11.1
2025-08-26,11:47:53,Hombre,miedo,5.44,basica,2-basico,musica,11.1
2025-08-26,11:47:53,Hombre,asco,0.0,basica,2-basico,musica,11.1
2025-08-26,11:47:53,Hombre,feliz,79.38,basica,2-basico,musica,11.1
2025-08-26,11:47:53,Hombre,triste,3.69,basica,2-basico,musica,11.1
2025-08-26,11:47:53,Hombre,enojado,0.11,basica,2-basico,musica,11.1
2025-08-26,11:47:53,Hombre,neutral,4.48,basica,2-basico,musica,11.1
2025-08-26,11:47:53,Hombre,sorpresa,0.66,basica,2-basico,musica,11.1
2025-08-26,11:47:53,Hombre,miedo,11.63,basica,2-basico,musica,11.1
2025-08-26,11:47:53,Hombre,asco,0.06,basica,2-basico,musica,11.1
2025-08-26,11:47:54,Hombre,feliz,73.13,basica,2-basico,musica,11.1
2025-08-26,11:47:54,Hombre,triste,5.25,basica,2-basico,musica,11.1
2025-08-26,11:47:54,Hombre,enojado,0.45,basica,2-basico,musica,11.1
2025-08-26,11:47:54,Hombre,neutral,13.61,basica,2-basico,musica,11.1
2025-08-26,11:47:54,Hombre,sorpresa,1.55,basica,2-basico,musica,11.1
2025-08-26,11:47:54,Hombre,miedo,6.01,basica,2-basico,musica,11.1
2025-08-26,11:47:54,Hombre,asco,0.0,basica,2-basico,musica,11.1
2025-08-26,11:47:54,Hombre,feliz,53.29,basica,2-basico,musica,11.1
2025-08-26,11:47:54,Hombre,triste,0.8,basica,2-basico,musica,11.1
2025-08-26,11:47:54,Hombre,enojado,0.58,basica,2-basico,musica,11.1
2025-08-26,11:47:54,Hombre,neutral,45.16,basica,2-basico,musica,11.1
2025-08-26,11:47:54,Hombre,sorpresa,0.07,basica,2-basico,musica,11.1
2025-08-26,11:47:54,Hombre,miedo,0.08,basica,2-basico,musica,11.1
2025-08-26,11:47:54,Hombre,asco,0.0,basica,2-basico,musica,11.1
2025-08-26,11:47:55,Hombre,feliz,30.49,basica,2-basico,musica,11.1
2025-08-26,11:47:55,Hombre,triste,12.86,basica,2-basico,musica,11.1
2025-08-26,11:47:55,Hombre,enojado,1.81,basica,2-basico,musica,11.1
2025-08-26,11:47:55,Hombre,neutral,50.79,basica,2-basico,musica,11.1
2025-08-26,11:47:55,Hombre,sorpresa,2.27,basica,2-basico,musica,11.1
2025-08-26,11:47:55,Hombre,miedo,1.79,basica,2-basico,musica,11.1
2025-08-26,11:47:55,Hombre,asco,0.0,basica,2-basico,musica,11.1
2025-08-26,11:47:55,Hombre,feliz,78.84,basica,2-basico,musica,11.1
2025-08-26,11:47:55,Hombre,triste,3.07,basica,2-basico,musica,11.1
2025-08-26,11:47:55,Hombre,enojado,0.16,basica,2-basico,musica,11.1
2025-08-26,11:47:55,Hombre,neutral,4.89,basica,2-basico,musica,11.1
2025-08-26,11:47:55,Hombre,sorpresa,0.6,basica,2-basico,musica,11.1
2025-08-26,11:47:55,Hombre,miedo,12.34,basica,2-basico,musica,11.1
2025-08-26,11:47:55,Hombre,asco,0.09,basica,2-basico,musica,11.1
2025-08-26,11:47:56,Hombre,feliz,0.33,basica,2-basico,musica,11.1
2025-08-26,11:47:56,Hombre,triste,73.38,basica,2-basico,musica,11.1
2025-08-26,11:47:56,Hombre,enojado,11.41,basica,2-basico,musica,11.1
2025-08-26,11:47:56,Hombre,neutral,4.93,basica,2-basico,musica,11.1
2025-08-26,11:47:56,Hombre,sorpresa,0.0,basica,2-basico,musica,11.1
2025-08-26,11:47:56,Hombre,miedo,9.95,basica,2-basico,musica,11.1
2025-08-26,11:47:56,Hombre,asco,0.0,basica,2-basico,musica,11.1
2025-08-26,11:47:56,Hombre,feliz,4.81,basica,2-basico,musica,11.1
2025-08-26,11:47:56,Hombre,triste,45.03,basica,2-basico,musica,11.1
2025-08-26,11:47:56,Hombre,enojado,4.75,basica,2-basico,musica,11.1
2025-08-26,11:47:56,Hombre,neutral,39.75,basica,2-basico,musica,11.1
2025-08-26,11:47:56,Hombre,sorpresa,0.08,basica,2-basico,musica,11.1
2025-08-26,11:47:56,Hombre,miedo,5.57,basica,2-basico,musica,11.1
2025-08-26,11:47:56,Hombre,asco,0.0,basica,2-basico,musica,11.1
2025-08-26,11:47:57,Hombre,feliz,0.04,basica,2-basico,musica,11.1
2025-08-26,11:47:57,Hombre,triste,58.47,basica,2-basico,musica,11.1
2025-08-26,11:47:57,Hombre,enojado,1.21,basica,2-basico,musica,11.1
2025-08-26,11:47:57,Hombre,neutral,1.31,basica,2-basico,musica,11.1
2025-08-26,11:47:57,Hombre,sorpresa,0.0,basica,2-basico,musica,11.1
2025-08-26,11:47:57,Hombre,miedo,38.98,basica,2-basico,musica,11.1
2025-08-26,11:47:57,Hombre,asco,0.0,basica,2-basico,musica,11.1
2025-08-26,11:47:57,Hombre,feliz,0.12,basica,2-basico,musica,11.1
2025-08-26,11:47:57,Hombre,triste,18.69,basica,2-basico,musica,11.1
2025-08-26,11:47:57,Hombre,enojado,2.71,basica,2-basico,musica,11.1
2025-08-26,11:47:57,Hombre,neutral,76.95,basica,2-basico,musica,11.1
2025-08-26,11:47:57,Hombre,sorpresa,0.0,basica,2-basico,musica,11.1
2025-08-26,11:47:57,Hombre,miedo,1.53,basica,2-basico,musica,11.1
2025-08-26,11:47:57,Hombre,asco,0.0,basica,2-basico,musica,11.1
2025-08-26,11:47:58,Hombre,feliz,25.55,basica,2-basico,musica,11.1
2025-08-26,11:47:58,Hombre,triste,30.82,basica,2-basico,musica,11.1
2025-08-26,11:47:58,Hombre,enojado,7.98,basica,2-basico,musica,11.1
2025-08-26,11:47:58,Hombre,neutral,13.67,basica,2-basico,musica,11.1
2025-08-26,11:47:58,Hombre,sorpresa,0.12,basica,2-basico,musica,11.1
2025-08-26,11:47:58,Hombre,miedo,21.85,basica,2-basico,musica,11.1
2025-08-26,11:47:58,Hombre,asco,0.0,basica,2-basico,musica,11.1
2025-08-26,11:47:59,Hombre,feliz,1.42,basica,2-basico,musica,11.1
2025-08-26,11:47:59,Hombre,triste,17.36,basica,2-basico,musica,11.1
2025-08-26,11:47:59,Hombre,enojado,7.73,basica,2-basico,musica,11.1
2025-08-26,11:47:59,Hombre,neutral,39.88,basica,2-basico,musica,11.1
2025-08-26,11:47:59,Hombre,sorpresa,3.31,basica,2-basico,musica,11.1
2025-08-26,11:47:59,Hombre,miedo,30.29,basica,2-basico,musica,11.1
2025-08-26,11:47:59,Hombre,asco,0.0,basica,2-basico,musica,11.1
2025-08-26,11:47:59,Hombre,feliz,0.02,basica,2-basico,musica,11.1
2025-08-26,11:47:59,Hombre,triste,0.42,basica,2-basico,musica,11.1
2025-08-26,11:47:59,Hombre,enojado,0.13,basica,2-basico,musica,11.1
2025-08-26,11:47:59,Hombre,neutral,99.39,basica,2-basico,musica,11.1
2025-08-26,11:47:59,Hombre,sorpresa,0.0,basica,2-basico,musica,11.1
2025-08-26,11:47:59,Hombre,miedo,0.04,basica,2-basico,musica,11.1
2025-08-26,11:47:59,Hombre,asco,0.0,basica,2-basico,musica,11.1
2025-08-26,11:48:00,Hombre,feliz,77.69,basica,2-basico,musica,11.1
2025-08-26,11:48:00,Hombre,triste,1.25,basica,2-basico,musica,11.1
2025-08-26,11:48:00,Hombre,enojado,2.82,basica,2-basico,musica,11.1
2025-08-26,11:48:00,Hombre,neutral,18.1,basica,2-basico,musica,11.1
2025-08-26,11:48:00,Hombre,sorpresa,0.02,basica,2-basico,musica,11.1
2025-08-26,11:48:00,Hombre,miedo,0.12,basica,2-basico,musica,11.1
2025-08-26,11:48:00,Hombre,asco,0.0,basica,2-basico,musica,11.1
2025-08-26,11:48:02,Hombre,feliz,0.69,basica,2-basico,musica,11.1
2025-08-26,11:48:02,Hombre,triste,63.23,basica,2-basico,musica,11.1
2025-08-26,11:48:02,Hombre,enojado,16.96,basica,2-basico,musica,11.1
2025-08-26,11:48:02,Hombre,neutral,12.1,basica,2-basico,musica,11.1
2025-08-26,11:48:02,Hombre,sorpresa,0.11,basica,2-basico,musica,11.1
2025-08-26,11:48:02,Hombre,miedo,6.89,basica,2-basico,musica,11.1
2025-08-26,11:48:02,Hombre,asco,0.02,basica,2-basico,musica,11.1
2025-08-26,11:48:05,Hombre,feliz,0.05,basica,2-basico,musica,11.1
2025-08-26,11:48:05,Hombre,triste,48.71,basica,2-basico,musica,11.1
2025-08-26,11:48:05,Hombre,enojado,14.28,basica,2-basico,musica,11.1
2025-08-26,11:48:05,Hombre,neutral,26.77,basica,2-basico,musica,11.1
2025-08-26,11:48:05,Hombre,sorpresa,0.06,basica,2-basico,musica,11.1
2025-08-26,11:48:05,Hombre,miedo,10.13,basica,2-basico,musica,11.1
2025-08-26,11:48:05,Hombre,asco,0.0,basica,2-basico,musica,11.1
2025-08-26,11:48:08,Hombre,feliz,0.27,basica,2-basico,musica,11.1
2025-08-26,11:48:08,Hombre,triste,85.17,basica,2-basico,musica,11.1
2025-08-26,11:48:08,Hombre,enojado,4.96,basica,2-basico,musica,11.1
2025-08-26,11:48:08,Hombre,neutral,3.58,basica,2-basico,musica,11.1
2025-08-26,11:48:08,Hombre,sorpresa,0.01,basica,2-basico,musica,11.1
2025-08-26,11:48:08,Hombre,miedo,6.02,basica,2-basico,musica,11.1
2025-08-26,11:48:08,Hombre,asco,0.0,basica,2-basico,musica,11.1
2025-08-26,11:48:12,Hombre,feliz,0.32,basica,2-basico,musica,11.1
2025-08-26,11:48:12,Hombre,triste,18.57,basica,2-basico,musica,11.1
2025-08-26,11:48:12,Hombre,enojado,3.94,basica,2-basico,musica,11.1
2025-08-26,11:48:12,Hombre,neutral,59.46,basica,2-basico,musica,11.1
2025-08-26,11:48:12,Hombre,sorpresa,0.08,basica,2-basico,musica,11.1
2025-08-26,11:48:12,Hombre,miedo,17.63,basica,2-basico,musica,11.1
2025-08-26,11:48:12,Hombre,asco,0.0,basica,2-basico,musica,11.1
2025-08-26,11:48:15,Hombre,feliz,0.13,basica,2-basico,musica,11.1
2025-08-26,11:48:15,Hombre,triste,5.14,basica,2-basico,musica,11.1
2025-08-26,11:48:15,Hombre,enojado,1.48,basica,2-basico,musica,11.1
2025-08-26,11:48:15,Hombre,neutral,90.25,basica,2-basico,musica,11.1
2025-08-26,11:48:15,Hombre,sorpresa,0.0,basica,2-basico,musica,11.1
2025-08-26,11:48:15,Hombre,miedo,3.0,basica,2-basico,musica,11.1
2025-08-26,11:48:15,Hombre,asco,0.0,basica,2-basico,musica,11.1
2025-08-26,11:48:18,Hombre,feliz,91.56,basica,2-basico,musica,11.1
2025-08-26,11:48:18,Hombre,triste,0.48,basica,2-basico,musica,11.1
2025-08-26,11:48:18,Hombre,enojado,0.44,basica,2-basico,musica,11.1
2025-08-26,11:48:18,Hombre,neutral,1.67,basica,2-basico,musica,11.1
2025-08-26,11:48:18,Hombre,sorpresa,0.12,basica,2-basico,musica,11.1
2025-08-26,11:48:18,Hombre,miedo,5.68,basica,2-basico,musica,11.1
2025-08-26,11:48:18,Hombre,asco,0.05,basica,2-basico,musica,11.1
2025-08-26,11:48:21,Hombre,feliz,59.56,basica,2-basico,musica,11.1
2025-08-26,11:48:21,Hombre,triste,1.94,basica,2-basico,musica,11.1
2025-08-26,11:48:21,Hombre,enojado,2.12,basica,2-basico,musica,11.1
2025-08-26,11:48:21,Hombre,neutral,13.28,basica,2-basico,musica,11.1
2025-08-26,11:48:21,Hombre,sorpresa,3.2,basica,2-basico,musica,11.1
2025-08-26,11:48:21,Hombre,miedo,19.85,basica,2-basico,musica,11.1
2025-08-26,11:48:21,Hombre,asco,0.05,basica,2-basico,musica,11.1
2025-08-26,11:48:24,Hombre,feliz,2.64,basica,2-basico,musica,11.1
2025-08-26,11:48:24,Hombre,triste,18.71,basica,2-basico,musica,11.1
2025-08-26,11:48:24,Hombre,enojado,2.29,basica,2-basico,musica,11.1
2025-08-26,11:48:24,Hombre,neutral,74.88,basica,2-basico,musica,11.1
2025-08-26,11:48:24,Hombre,sorpresa,0.01,basica,2-basico,musica,11.1
2025-08-26,11:48:24,Hombre,miedo,1.49,basica,2-basico,musica,11.1
2025-08-26,11:48:24,Hombre,asco,0.0,basica,2-basico,musica,11.1
2025-08-26,11:48:27,Hombre,feliz,0.05,basica,2-basico,musica,11.1
2025-08-26,11:48:27,Hombre,triste,0.65,basica,2-basico,musica,11.1
2025-08-26,11:48:27,Hombre,enojado,0.5,basica,2-basico,musica,11.1
2025-08-26,11:48:27,Hombre,neutral,95.99,basica,2-basico,musica,11.1
2025-08-26,11:48:27,Hombre,sorpresa,0.05,basica,2-basico,musica,11.1
2025-08-26,11:48:27,Hombre,miedo,2.75,basica,2-basico,musica,11.1
2025-08-26,11:48:27,Hombre,asco,0.0,basica,2-basico,musica,11.1
2025-08-26,11:48:31,Hombre,feliz,4.59,basica,2-basico,musica,11.1
2025-08-26,11:48:31,Hombre,triste,58.95,basica,2-basico,musica,11.1
2025-08-26,11:48:31,Hombre,enojado,3.54,basica,2-basico,musica,11.1
2025-08-26,11:48:31,Hombre,neutral,24.27,basica,2-basico,musica,11.1
2025-08-26,11:48:31,Hombre,sorpresa,0.04,basica,2-basico,musica,11.1
2025-08-26,11:48:31,Hombre,miedo,8.6,basica,2-basico,musica,11.1
2025-08-26,11:48:31,Hombre,asco,0.0,basica,2-basico,musica,11.1
2025-08-26,11:48:34,Hombre,feliz,89.35,basica,2-basico,musica,11.1
2025-08-26,11:48:34,Hombre,triste,2.08,basica,2-basico,musica,11.1
2025-08-26,11:48:34,Hombre,enojado,3.07,basica,2-basico,musica,11.1
2025-08-26,11:48:34,Hombre,neutral,1.45,basica,2-basico,musica,11.1
2025-08-26,11:48:34,Hombre,sorpresa,0.26,basica,2-basico,musica,11.1
2025-08-26,11:48:34,Hombre,miedo,3.78,basica,2-basico,musica,11.1
2025-08-26,11:48:34,Hombre,asco,0.0,basica,2-basico,musica,11.1
2025-08-26,11:48:37,Hombre,feliz,0.0,basica,2-basico,musica,11.1
2025-08-26,11:48:37,Hombre,triste,0.43,basica,2-basico,musica,11.1
2025-08-26,11:48:37,Hombre,enojado,0.14,basica,2-basico,musica,11.1
2025-08-26,11:48:37,Hombre,neutral,98.62,basica,2-basico,musica,11.1
2025-08-26,11:48:37,Hombre,sorpresa,0.0,basica,2-basico,musica,11.1
2025-08-26,11:48:37,Hombre,miedo,0.8,basica,2-basico,musica,11.1
2025-08-26,11:48:37,Hombre,asco,0.0,basica,2-basico,musica,11.1
2025-08-26,11:48:41,Hombre,feliz,93.06,basica,2-basico,musica,11.1
2025-08-26,11:48:41,Hombre,triste,0.58,basica,2-basico,musica,11.1
2025-08-26,11:48:41,Hombre,enojado,0.01,basica,2-basico,musica,11.1
2025-08-26,11:48:41,Hombre,neutral,4.81,basica,2-basico,musica,11.1
2025-08-26,11:48:41,Hombre,sorpresa,0.02,basica,2-basico,musica,11.1
2025-08-26,11:48:41,Hombre,miedo,1.52,basica,2-basico,musica,11.1
2025-08-26,11:48:41,Hombre,asco,0.0,basica,2-basico,musica,11.1
2025-08-26,11:48:45,Hombre,feliz,86.71,basica,2-basico,musica,11.1
2025-08-26,11:48:45,Hombre,triste,0.82,basica,2-basico,musica,11.1
2025-08-26,11:48:45,Hombre,enojado,0.0,basica,2-basico,musica,11.1
2025-08-26,11:48:45,Hombre,neutral,8.28,basica,2-basico,musica,11.1
2025-08-26,11:48:45,Hombre,sorpresa,0.0,basica,2-basico,musica,11.1
2025-08-26,11:48:45,Hombre,miedo,4.16,basica,2-basico,musica,11.1
2025-08-26,11:48:45,Hombre,asco,0.02,basica,2-basico,musica,11.1
2025-08-26,11:48:48,Hombre,feliz,1.18,basica,2-basico,musica,11.1
2025-08-26,11:48:48,Hombre,triste,0.65,basica,2-basico,musica,11.1
2025-08-26,11:48:48,Hombre,enojado,1.06,basica,2-basico,musica,11.1
2025-08-26,11:48:48,Hombre,neutral,2.89,basica,2-basico,musica,11.1
2025-08-26,11:48:48,Hombre,sorpresa,0.02,basica,2-basico,musica,11.1
2025-08-26,11:48:48,Hombre,miedo,94.11,basica,2-basico,musica,11.1
2025-08-26,11:48:48,Hombre,asco,0.08,basica,2-basico,musica,11.1
2025-08-26,11:48:52,Hombre,feliz,0.86,basica,2-basico,musica,11.1
2025-08-26,11:48:52,Hombre,triste,1.73,basica,2-basico,musica,11.1
2025-08-26,11:48:52,Hombre,enojado,0.37,basica,2-basico,musica,11.1
2025-08-26,11:48:52,Hombre,neutral,95.65,basica,2-basico,musica,11.1
2025-08-26,11:48:52,Hombre,sorpresa,0.03,basica,2-basico,musica,11.1
2025-08-26,11:48:52,Hombre,miedo,1.35,basica,2-basico,musica,11.1
2025-08-26,11:48:52,Hombre,asco,0.0,basica,2-basico,musica,11.1
2025-08-26,11:48:57,Hombre,feliz,0.47,basica,2-basico,musica,11.1
2025-08-26,11:48:57,Hombre,triste,11.2,basica,2-basico,musica,11.1
2025-08-26,11:48:57,Hombre,enojado,1.65,basica,2-basico,musica,11.1
2025-08-26,11:48:57,Hombre,neutral,70.88,basica,2-basico,musica,11.1
2025-08-26,11:48:57,Hombre,sorpresa,0.01,basica,2-basico,musica,11.1
2025-08-26,11:48:57,Hombre,miedo,15.76,basica,2-basico,musica,11.1
2025-08-26,11:48:57,Hombre,asco,0.02,basica,2-basico,musica,11.1
2025-08-26,11:49:02,Hombre,feliz,0.01,basica,2-basico,musica,11.1
2025-08-26,11:49:02,Hombre,triste,0.2,basica,2-basico,musica,11.1
2025-08-26,11:49:02,Hombre,enojado,0.04,basica,2-basico,musica,11.1
2025-08-26,11:49:02,Hombre,neutral,0.05,basica,2-basico,musica,11.1
2025-08-26,11:49:02,Hombre,sorpresa,0.0,basica,2-basico,musica,11.1
2025-08-26,11:49:02,Hombre,miedo,99.7,basica,2-basico,musica,11.1
2025-08-26,11:49:02,Hombre,asco,0.0,basica,2-basico,musica,11.1
2025-08-26,11:49:06,Hombre,feliz,0.0,basica,2-basico,musica,11.1
2025-08-26,11:49:06,Hombre,triste,0.01,basica,2-basico,musica,11.1
2025-08-26,11:49:06,Hombre,enojado,99.99,basica,2-basico,musica,11.1
2025-08-26,11:49:06,Hombre,neutral,0.0,basica,2-basico,musica,11.1
2025-08-26,11:49:06,Hombre,sorpresa,0.0,basica,2-basico,musica,11.1
2025-08-26,11:49:06,Hombre,miedo,0.0,basica,2-basico,musica,11.1
2025-08-26,11:49:06,Hombre,asco,0.0,basica,2-basico,musica,11.1
2025-08-26,11:49:11,Mujer,feliz,0.03,basica,2-basico,musica,11.1
2025-08-26,11:49:11,Mujer,triste,29.75,basica,2-basico,musica,11.1
2025-08-26,11:49:11,Mujer,enojado,15.57,basica,2-basico,musica,11.1
2025-08-26,11:49:11,Mujer,neutral,3.95,basica,2-basico,musica,11.1
2025-08-26,11:49:11,Mujer,sorpresa,0.2,basica,2-basico,musica,11.1
2025-08-26,11:49:11,Mujer,miedo,50.14,basica,2-basico,musica,11.1
2025-08-26,11:49:11,Mujer,asco,0.36,basica,2-basico,musica,11.1
2025-08-26,11:49:11,Hombre,feliz,0.0,basica,2-basico,musica,11.1
2025-08-26,11:49:11,Hombre,triste,2.07,basica,2-basico,musica,11.1
2025-08-26,11:49:11,Hombre,enojado,96.78,basica,2-basico,musica,11.1
2025-08-26,11:49:11,Hombre,neutral,1.14,basica,2-basico,musica,11.1
2025-08-26,11:49:11,Hombre,sorpresa,0.0,basica,2-basico,musica,11.1
2025-08-26,11:49:11,Hombre,miedo,0.0,basica,2-basico,musica,11.1
2025-08-26,11:49:11,Hombre,asco,0.0,basica,2-basico,musica,11.1
2025-08-26,11:49:17,Mujer,feliz,6.98,basica,2-basico,musica,11.1
2025-08-26,11:49:17,Mujer,triste,7.92,basica,2-basico,musica,11.1
2025-08-26,11:49:17,Mujer,enojado,5.78,basica,2-basico,musica,11.1
2025-08-26,11:49:17,Mujer,neutral,37.64,basica,2-basico,musica,11.1
2025-08-26,11:49:17,Mujer,sorpresa,1.67,basica,2-basico,musica,11.1
2025-08-26,11:49:17,Mujer,miedo,39.97,basica,2-basico,musica,11.1
2025-08-26,11:49:17,Mujer,asco,0.04,basica,2-basico,musica,11.1
2025-08-26,11:49:17,Hombre,feliz,90.5,basica,2-basico,musica,11.1
2025-08-26,11:49:17,Hombre,triste,0.08,basica,2-basico,musica,11.1
2025-08-26,11:49:17,Hombre,enojado,0.04,basica,2-basico,musica,11.1
2025-08-26,11:49:17,Hombre,neutral,9.37,basica,2-basico,musica,11.1
2025-08-26,11:49:17,Hombre,sorpresa,0.0,basica,2-basico,musica,11.1
2025-08-26,11:49:17,Hombre,miedo,0.01,basica,2-basico,musica,11.1
2025-08-26,11:49:17,Hombre,asco,0.0,basica,2-basico,musica,11.1
2025-08-26,11:49:24,Mujer,feliz,0.0,basica,2-basico,musica,11.1
2025-08-26,11:49:24,Mujer,triste,12.28,basica,2-basico,musica,11.1
2025-08-26,11:49:24,Mujer,enojado,1.88,basica,2-basico,musica,11.1
2025-08-26,11:49:24,Mujer,neutral,66.39,basica,2-basico,musica,11.1
2025-08-26,11:49:24,Mujer,sorpresa,0.02,basica,2-basico,musica,11.1
2025-08-26,11:49:24,Mujer,miedo,19.42,basica,2-basico,musica,11.1
2025-08-26,11:49:24,Mujer,asco,0.0,basica,2-basico,musica,11.1
2025-08-26,11:49:24,Hombre,feliz,76.19,basica,2-basico,musica,11.1
2025-08-26,11:49:24,Hombre,triste,0.15,basica,2-basico,musica,11.1
2025-08-26,11:49:24,Hombre,enojado,7.68,basica,2-basico,musica,11.1
2025-08-26,11:49:24,Hombre,neutral,15.49,basica,2-basico,musica,11.1
2025-08-26,11:49:24,Hombre,sorpresa,0.31,basica,2-basico,musica,11.1
2025-08-26,11:49:24,Hombre,miedo,0.18,basica,2-basico,musica,11.1
2025-08-26,11:49:24,Hombre,asco,0.01,basica,2-basico,musica,11.1
2025-08-26,11:49:26,Mujer,feliz,0.2,basica,2-basico,musica,11.1
2025-08-26,11:49:26,Mujer,triste,13.63,basica,2-basico,musica,11.1
2025-08-26,11:49:26,Mujer,enojado,2.55,basica,2-basico,musica,11.1
2025-08-26,11:49:26,Mujer,neutral,71.59,basica,2-basico,musica,11.1
2025-08-26,11:49:26,Mujer,sorpresa,0.07,basica,2-basico,musica,11.1
2025-08-26,11:49:26,Mujer,miedo,11.95,basica,2-basico,musica,11.1
2025-08-26,11:49:26,Mujer,asco,0.01,basica,2-basico,musica,11.1
2025-08-26,11:49:26,Hombre,feliz,86.69,basica,2-basico,musica,11.1
2025-08-26,11:49:26,Hombre,triste,0.07,basica,2-basico,musica,11.1
2025-08-26,11:49:26,Hombre,enojado,4.09,basica,2-basico,musica,11.1
2025-08-26,11:49:26,Hombre,neutral,8.97,basica,2-basico,musica,11.1
2025-08-26,11:49:26,Hombre,sorpresa,0.08,basica,2-basico,musica,11.1
2025-08-26,11:49:26,Hombre,miedo,0.09,basica,2-basico,musica,11.1
2025-08-26,11:49:26,Hombre,asco,0.0,basica,2-basico,musica,11.1
2025-08-26,11:49:27,Mujer,feliz,0.02,basica,2-basico,musica,11.1
2025-08-26,11:49:27,Mujer,triste,11.82,basica,2-basico,musica,11.1
2025-08-26,11:49:27,Mujer,enojado,2.05,basica,2-basico,musica,11.1
2025-08-26,11:49:27,Mujer,neutral,72.97,basica,2-basico,musica,11.1
2025-08-26,11:49:27,Mujer,sorpresa,0.03,basica,2-basico,musica,11.1
2025-08-26,11:49:27,Mujer,miedo,13.11,basica,2-basico,musica,11.1
2025-08-26,11:49:27,Mujer,asco,0.0,basica,2-basico,musica,11.1
2025-08-26,11:49:27,Hombre,feliz,17.43,basica,2-basico,musica,11.1
2025-08-26,11:49:27,Hombre,triste,1.03,basica,2-basico,musica,11.1
2025-08-26,11:49:27,Hombre,enojado,25.03,basica,2-basico,musica,11.1
2025-08-26,11:49:27,Hombre,neutral,56.16,basica,2-basico,musica,11.1
2025-08-26,11:49:27,Hombre,sorpresa,0.02,basica,2-basico,musica,11.1
2025-08-26,11:49:27,Hombre,miedo,0.32,basica,2-basico,musica,11.1
2025-08-26,11:49:27,Hombre,asco,0.0,basica,2-basico,musica,11.1
2025-08-26,11:49:28,Mujer,feliz,0.0,basica,2-basico,musica,11.1
2025-08-26,11:49:28,Mujer,triste,15.58,basica,2-basico,musica,11.1
2025-08-26,11:49:28,Mujer,enojado,6.52,basica,2-basico,musica,11.1
2025-08-26,11:49:28,Mujer,neutral,69.85,basica,2-basico,musica,11.1
2025-08-26,11:49:28,Mujer,sorpresa,0.09,basica,2-basico,musica,11.1
2025-08-26,11:49:28,Mujer,miedo,7.95,basica,2-basico,musica,11.1
2025-08-26,11:49:28,Mujer,asco,0.0,basica,2-basico,musica,11.1
2025-08-26,11:49:28,Hombre,feliz,0.03,basica,2-basico,musica,11.1
2025-08-26,11:49:28,Hombre,triste,0.18,basica,2-basico,musica,11.1
2025-08-26,11:49:28,Hombre,enojado,51.96,basica,2-basico,musica,11.1
2025-08-26,11:49:28,Hombre,neutral,47.83,basica,2-basico,musica,11.1
2025-08-26,11:49:28,Hombre,sorpresa,0.0,basica,2-basico,musica,11.1
2025-08-26,11:49:28,Hombre,miedo,0.01,basica,2-basico,musica,11.1
2025-08-26,11:49:28,Hombre,asco,0.0,basica,2-basico,musica,11.1
2025-08-26,11:49:29,Mujer,feliz,0.0,basica,2-basico,musica,11.1
2025-08-26,11:49:29,Mujer,triste,6.41,basica,2-basico,musica,11.1
2025-08-26,11:49:29,Mujer,enojado,2.04,basica,2-basico,musica,11.1
2025-08-26,11:49:29,Mujer,neutral,88.38,basica,2-basico,musica,11.1
2025-08-26,11:49:29,Mujer,sorpresa,0.04,basica,2-basico,musica,11.1
2025-08-26,11:49:29,Mujer,miedo,3.13,basica,2-basico,musica,11.1
2025-08-26,11:49:29,Mujer,asco,0.0,basica,2-basico,musica,11.1
2025-08-26,11:49:29,Hombre,feliz,0.38,basica,2-basico,musica,11.1
2025-08-26,11:49:29,Hombre,triste,0.32,basica,2-basico,musica,11.1
2025-08-26,11:49:29,Hombre,enojado,8.9,basica,2-basico,musica,11.1
2025-08-26,11:49:29,Hombre,neutral,90.35,basica,2-basico,musica,11.1
2025-08-26,11:49:29,Hombre,sorpresa,0.0,basica,2-basico,musica,11.1
2025-08-26,11:49:29,Hombre,miedo,0.04,basica,2-basico,musica,11.1
2025-08-26,11:49:29,Hombre,asco,0.0,basica,2-basico,musica,11.1
2025-08-26,11:49:30,Mujer,feliz,0.57,basica,2-basico,musica,11.1
2025-08-26,11:49:30,Mujer,triste,13.6,basica,2-basico,musica,11.1
2025-08-26,11:49:30,Mujer,enojado,3.79,basica,2-basico,musica,11.1
2025-08-26,11:49:30,Mujer,neutral,67.34,basica,2-basico,musica,11.1
2025-08-26,11:49:30,Mujer,sorpresa,0.05,basica,2-basico,musica,11.1
2025-08-26,11:49:30,Mujer,miedo,14.59,basica,2-basico,musica,11.1
2025-08-26,11:49:30,Mujer,asco,0.06,basica,2-basico,musica,11.1
2025-08-26,11:49:30,Hombre,feliz,11.06,basica,2-basico,musica,11.1
2025-08-26,11:49:30,Hombre,triste,0.34,basica,2-basico,musica,11.1
2025-08-26,11:49:30,Hombre,enojado,7.29,basica,2-basico,musica,11.1
2025-08-26,11:49:30,Hombre,neutral,81.28,basica,2-basico,musica,11.1
2025-08-26,11:49:30,Hombre,sorpresa,0.0,basica,2-basico,musica,11.1
2025-08-26,11:49:30,Hombre,miedo,0.02,basica,2-basico,musica,11.1
2025-08-26,11:49:30,Hombre,asco,0.0,basica,2-basico,musica,11.1
2025-08-26,11:49:31,Mujer,feliz,0.01,basica,2-basico,musica,11.1
2025-08-26,11:49:31,Mujer,triste,14.67,basica,2-basico,musica,11.1
2025-08-26,11:49:31,Mujer,enojado,1.68,basica,2-basico,musica,11.1
2025-08-26,11:49:31,Mujer,neutral,58.09,basica,2-basico,musica,11.1
2025-08-26,11:49:31,Mujer,sorpresa,0.02,basica,2-basico,musica,11.1
2025-08-26,11:49:31,Mujer,miedo,25.53,basica,2-basico,musica,11.1
2025-08-26,11:49:31,Mujer,asco,0.0,basica,2-basico,musica,11.1
2025-08-26,11:49:31,Hombre,feliz,50.57,basica,2-basico,musica,11.1
2025-08-26,11:49:31,Hombre,triste,0.22,basica,2-basico,musica,11.1
2025-08-26,11:49:31,Hombre,enojado,0.78,basica,2-basico,musica,11.1
2025-08-26,11:49:31,Hombre,neutral,48.38,basica,2-basico,musica,11.1
2025-08-26,11:49:31,Hombre,sorpresa,0.0,basica,2-basico,musica,11.1
2025-08-26,11:49:31,Hombre,miedo,0.05,basica,2-basico,musica,11.1
2025-08-26,11:49:31,Hombre,asco,0.0,basica,2-basico,musica,11.1
2025-08-26,11:49:32,Mujer,feliz,0.06,basica,2-basico,musica,11.1
2025-08-26,11:49:32,Mujer,triste,21.37,basica,2-basico,musica,11.1
2025-08-26,11:49:32,Mujer,enojado,6.86,basica,2-basico,musica,11.1
2025-08-26,11:49:32,Mujer,neutral,56.91,basica,2-basico,musica,11.1
2025-08-26,11:49:32,Mujer,sorpresa,0.01,basica,2-basico,musica,11.1
2025-08-26,11:49:32,Mujer,miedo,14.79,basica,2-basico,musica,11.1
2025-08-26,11:49:32,Mujer,asco,0.0,basica,2-basico,musica,11.1
2025-08-26,11:49:32,Hombre,feliz,60.43,basica,2-basico,musica,11.1
2025-08-26,11:49:32,Hombre,triste,0.31,basica,2-basico,musica,11.1
2025-08-26,11:49:32,Hombre,enojado,0.3,basica,2-basico,musica,11.1
2025-08-26,11:49:32,Hombre,neutral,38.88,basica,2-basico,musica,11.1
2025-08-26,11:49:32,Hombre,sorpresa,0.0,basica,2-basico,musica,11.1
2025-08-26,11:49:32,Hombre,miedo,0.09,basica,2-basico,musica,11.1
2025-08-26,11:49:32,Hombre,asco,0.0,basica,2-basico,musica,11.1
2025-08-26,11:49:33,Mujer,feliz,11.17,basica,2-basico,musica,11.1
2025-08-26,11:49:33,Mujer,triste,14.6,basica,2-basico,musica,11.1
2025-08-26,11:49:33,Mujer,enojado,9.44,basica,2-basico,musica,11.1
2025-08-26,11:49:33,Mujer,neutral,64.23,basica,2-basico,musica,11.1
2025-08-26,11:49:33,Mujer,sorpresa,0.06,basica,2-basico,musica,11.1
2025-08-26,11:49:33,Mujer,miedo,0.5,basica,2-basico,musica,11.1
2025-08-26,11:49:33,Mujer,asco,0.0,basica,2-basico,musica,11.1
2025-08-26,11:49:33,Hombre,feliz,8.58,basica,2-basico,musica,11.1
2025-08-26,11:49:33,Hombre,triste,16.28,basica,2-basico,musica,11.1
2025-08-26,11:49:33,Hombre,enojado,15.99,basica,2-basico,musica,11.1
2025-08-26,11:49:33,Hombre,neutral,45.41,basica,2-basico,musica,11.1
2025-08-26,11:49:33,Hombre,sorpresa,0.02,basica,2-basico,musica,11.1
2025-08-26,11:49:33,Hombre,miedo,13.56,basica,2-basico,musica,11.1
2025-08-26,11:49:33,Hombre,asco,0.16,basica,2-basico,musica,11.1
2025-08-26,11:49:33,Hombre,feliz,1.4,basica,2-basico,musica,11.1
2025-08-26,11:49:33,Hombre,triste,5.09,basica,2-basico,musica,11.1
2025-08-26,11:49:33,Hombre,enojado,83.27,basica,2-basico,musica,11.1
2025-08-26,11:49:33,Hombre,neutral,9.47,basica,2-basico,musica,11.1
2025-08-26,11:49:33,Hombre,sorpresa,0.0,basica,2-basico,musica,11.1
2025-08-26,11:49:33,Hombre,miedo,0.72,basica,2-basico,musica,11.1
2025-08-26,11:49:33,Hombre,asco,0.05,basica,2-basico,musica,11.1
2025-08-26,11:49:33,Mujer,feliz,0.78,basica,2-basico,musica,11.1
2025-08-26,11:49:33,Mujer,triste,48.94,basica,2-basico,musica,11.1
2025-08-26,11:49:33,Mujer,enojado,24.65,basica,2-basico,musica,11.1
2025-08-26,11:49:33,Mujer,neutral,22.07,basica,2-basico,musica,11.1
2025-08-26,11:49:33,Mujer,sorpresa,0.34,basica,2-basico,musica,11.1
2025-08-26,11:49:33,Mujer,miedo,3.13,basica,2-basico,musica,11.1
2025-08-26,11:49:33,Mujer,asco,0.09,basica,2-basico,musica,11.1
2025-08-26,11:49:34,Mujer,feliz,0.06,basica,2-basico,musica,11.1
2025-08-26,11:49:34,Mujer,triste,25.48,basica,2-basico,musica,11.1
2025-08-26,11:49:34,Mujer,enojado,2.08,basica,2-basico,musica,11.1
2025-08-26,11:49:34,Mujer,neutral,54.67,basica,2-basico,musica,11.1
2025-08-26,11:49:34,Mujer,sorpresa,0.13,basica,2-basico,musica,11.1
2025-08-26,11:49:34,Mujer,miedo,17.57,basica,2-basico,musica,11.1
2025-08-26,11:49:34,Mujer,asco,0.01,basica,2-basico,musica,11.1
2025-08-26,11:49:34,Hombre,feliz,23.67,basica,2-basico,musica,11.1
2025-08-26,11:49:34,Hombre,triste,18.46,basica,2-basico,musica,11.1
2025-08-26,11:49:34,Hombre,enojado,11.45,basica,2-basico,musica,11.1
2025-08-26,11:49:34,Hombre,neutral,38.08,basica,2-basico,musica,11.1
2025-08-26,11:49:34,Hombre,sorpresa,0.15,basica,2-basico,musica,11.1
2025-08-26,11:49:34,Hombre,miedo,8.18,basica,2-basico,musica,11.1
2025-08-26,11:49:34,Hombre,asco,0.01,basica,2-basico,musica,11.1
2025-08-26,11:49:35,Mujer,feliz,0.0,basica,2-basico,musica,11.1
2025-08-26,11:49:35,Mujer,triste,0.0,basica,2-basico,musica,11.1
2025-08-26,11:49:35,Mujer,enojado,0.0,basica,2-basico,musica,11.1
2025-08-26,11:49:35,Mujer,neutral,0.0,basica,2-basico,musica,11.1
2025-08-26,11:49:35,Mujer,sorpresa,0.31,basica,2-basico,musica,11.1
2025-08-26,11:49:35,Mujer,miedo,99.69,basica,2-basico,musica,11.1
2025-08-26,11:49:35,Mujer,asco,0.0,basica,2-basico,musica,11.1
2025-08-26,11:49:35,Hombre,feliz,0.05,basica,2-basico,musica,11.1
2025-08-26,11:49:35,Hombre,triste,0.53,basica,2-basico,musica,11.1
2025-08-26,11:49:35,Hombre,enojado,6.97,basica,2-basico,musica,11.1
2025-08-26,11:49:35,Hombre,neutral,92.44,basica,2-basico,musica,11.1
2025-08-26,11:49:35,Hombre,sorpresa,0.0,basica,2-basico,musica,11.1
2025-08-26,11:49:35,Hombre,miedo,0.01,basica,2-basico,musica,11.1
2025-08-26,11:49:35,Hombre,asco,0.0,basica,2-basico,musica,11.1
2025-08-26,11:49:36,Mujer,feliz,0.07,basica,2-basico,musica,11.1
2025-08-26,11:49:36,Mujer,triste,40.86,basica,2-basico,musica,11.1
2025-08-26,11:49:36,Mujer,enojado,21.08,basica,2-basico,musica,11.1
2025-08-26,11:49:36,Mujer,neutral,29.67,basica,2-basico,musica,11.1
2025-08-26,11:49:36,Mujer,sorpresa,0.08,basica,2-basico,musica,11.1
2025-08-26,11:49:36,Mujer,miedo,8.05,basica,2-basico,musica,11.1
2025-08-26,11:49:36,Mujer,asco,0.2,basica,2-basico,musica,11.1
2025-08-26,11:49:36,Hombre,feliz,0.0,basica,2-basico,musica,11.1
2025-08-26,11:49:36,Hombre,triste,14.26,basica,2-basico,musica,11.1
2025-08-26,11:49:36,Hombre,enojado,2.28,basica,2-basico,musica,11.1
2025-08-26,11:49:36,Hombre,neutral,83.22,basica,2-basico,musica,11.1
2025-08-26,11:49:36,Hombre,sorpresa,0.0,basica,2-basico,musica,11.1
2025-08-26,11:49:36,Hombre,miedo,0.25,basica,2-basico,musica,11.1
2025-08-26,11:49:36,Hombre,asco,0.0,basica,2-basico,musica,11.1
2025-08-26,11:49:37,Mujer,feliz,0.09,basica,2-basico,musica,11.1
2025-08-26,11:49:37,Mujer,triste,2.49,basica,2-basico,musica,11.1
2025-08-26,11:49:37,Mujer,enojado,0.1,basica,2-basico,musica,11.1
2025-08-26,11:49:37,Mujer,neutral,96.2,basica,2-basico,musica,11.1
2025-08-26,11:49:37,Mujer,sorpresa,0.0,basica,2-basico,musica,11.1
2025-08-26,11:49:37,Mujer,miedo,1.11,basica,2-basico,musica,11.1
2025-08-26,11:49:37,Mujer,asco,0.0,basica,2-basico,musica,11.1
2025-08-26,11:49:37,Hombre,feliz,0.0,basica,2-basico,musica,11.1
2025-08-26,11:49:37,Hombre,triste,1.48,basica,2-basico,musica,11.1
2025-08-26,11:49:37,Hombre,enojado,0.09,basica,2-basico,musica,11.1
2025-08-26,11:49:37,Hombre,neutral,98.34,basica,2-basico,musica,11.1
2025-08-26,11:49:37,Hombre,sorpresa,0.0,basica,2-basico,musica,11.1
2025-08-26,11:49:37,Hombre,miedo,0.08,basica,2-basico,musica,11.1
2025-08-26,11:49:37,Hombre,asco,0.0,basica,2-basico,musica,11.1
2025-08-26,11:49:38,Mujer,feliz,0.01,basica,2-basico,musica,11.1
2025-08-26,11:49:38,Mujer,triste,1.07,basica,2-basico,musica,11.1
2025-08-26,11:49:38,Mujer,enojado,0.17,basica,2-basico,musica,11.1
2025-08-26,11:49:38,Mujer,neutral,98.62,basica,2-basico,musica,11.1
2025-08-26,11:49:38,Mujer,sorpresa,0.0,basica,2-basico,musica,11.1
2025-08-26,11:49:38,Mujer,miedo,0.14,basica,2-basico,musica,11.1
2025-08-26,11:49:38,Mujer,asco,0.0,basica,2-basico,musica,11.1
2025-08-26,11:49:38,Hombre,feliz,3.27,basica,2-basico,musica,11.1
2025-08-26,11:49:38,Hombre,triste,14.71,basica,2-basico,musica,11.1
2025-08-26,11:49:38,Hombre,enojado,0.25,basica,2-basico,musica,11.1
2025-08-26,11:49:38,Hombre,neutral,75.34,basica,2-basico,musica,11.1
2025-08-26,11:49:38,Hombre,sorpresa,0.0,basica,2-basico,musica,11.1
2025-08-26,11:49:38,Hombre,miedo,6.43,basica,2-basico,musica,11.1
2025-08-26,11:49:38,Hombre,asco,0.0,basica,2-basico,musica,11.1
2025-08-26,11:49:39,Mujer,feliz,0.0,basica,2-basico,musica,11.1
2025-08-26,11:49:39,Mujer,triste,1.13,basica,2-basico,musica,11.1
2025-08-26,11:49:39,Mujer,enojado,0.12,basica,2-basico,musica,11.1
2025-08-26,11:49:39,Mujer,neutral,98.71,basica,2-basico,musica,11.1
2025-08-26,11:49:39,Mujer,sorpresa,0.0,basica,2-basico,musica,11.1
2025-08-26,11:49:39,Mujer,miedo,0.04,basica,2-basico,musica,11.1
2025-08-26,11:49:39,Mujer,asco,0.0,basica,2-basico,musica,11.1
2025-08-26,11:49:39,Hombre,feliz,3.19,basica,2-basico,musica,11.1
2025-08-26,11:49:39,Hombre,triste,5.35,basica,2-basico,musica,11.1
2025-08-26,11:49:39,Hombre,enojado,0.14,basica,2-basico,musica,11.1
2025-08-26,11:49:39,Hombre,neutral,89.86,basica,2-basico,musica,11.1
2025-08-26,11:49:39,Hombre,sorpresa,0.0,basica,2-basico,musica,11.1
2025-08-26,11:49:39,Hombre,miedo,1.45,basica,2-basico,musica,11.1
2025-08-26,11:49:39,Hombre,asco,0.0,basica,2-basico,musica,11.1
2025-08-26,11:49:40,Mujer,feliz,0.0,basica,2-basico,musica,11.1
2025-08-26,11:49:40,Mujer,triste,4.79,basica,2-basico,musica,11.1
2025-08-26,11:49:40,Mujer,enojado,1.32,basica,2-basico,musica,11.1
2025-08-26,11:49:40,Mujer,neutral,92.69,basica,2-basico,musica,11.1
2025-08-26,11:49:40,Mujer,sorpresa,0.0,basica,2-basico,musica,11.1
2025-08-26,11:49:40,Mujer,miedo,1.21,basica,2-basico,musica,11.1
2025-08-26,11:49:40,Mujer,asco,0.0,basica,2-basico,musica,11.1
2025-08-26,11:49:40,Hombre,feliz,0.0,basica,2-basico,musica,11.1
2025-08-26,11:49:40,Hombre,triste,0.5,basica,2-basico,musica,11.1
2025-08-26,11:49:40,Hombre,enojado,0.67,basica,2-basico,musica,11.1
2025-08-26,11:49:40,Hombre,neutral,98.68,basica,2-basico,musica,11.1
2025-08-26,11:49:40,Hombre,sorpresa,0.0,basica,2-basico,musica,11.1
2025-08-26,11:49:40,Hombre,miedo,0.15,basica,2-basico,musica,11.1
2025-08-26,11:49:40,Hombre,asco,0.0,basica,2-basico,musica,11.1
2025-08-26,11:49:43,Mujer,feliz,0.0,basica,2-basico,musica,11.1
2025-08-26,11:49:43,Mujer,triste,3.65,basica,2-basico,musica,11.1
2025-08-26,11:49:43,Mujer,enojado,0.47,basica,2-basico,musica,11.1
2025-08-26,11:49:43,Mujer,neutral,93.54,basica,2-basico,musica,11.1
2025-08-26,11:49:43,Mujer,sorpresa,0.0,basica,2-basico,musica,11.1
2025-08-26,11:49:43,Mujer,miedo,2.32,basica,2-basico,musica,11.1
2025-08-26,11:49:43,Mujer,asco,0.0,basica,2-basico,musica,11.1
2025-08-26,11:49:43,Hombre,feliz,95.92,basica,2-basico,musica,11.1
2025-08-26,11:49:43,Hombre,triste,0.01,basica,2-basico,musica,11.1
2025-08-26,11:49:43,Hombre,enojado,0.0,basica,2-basico,musica,11.1
2025-08-26,11:49:43,Hombre,neutral,4.07,basica,2-basico,musica,11.1
2025-08-26,11:49:43,Hombre,sorpresa,0.0,basica,2-basico,musica,11.1
2025-08-26,11:49:43,Hombre,miedo,0.0,basica,2-basico,musica,11.1
2025-08-26,11:49:43,Hombre,asco,0.0,basica,2-basico,musica,11.1
2025-08-26,11:49:48,Mujer,feliz,0.01,basica,2-basico,musica,11.1
2025-08-26,11:49:48,Mujer,triste,0.98,basica,2-basico,musica,11.1
2025-08-26,11:49:48,Mujer,enojado,0.01,basica,2-basico,musica,11.1
2025-08-26,11:49:48,Mujer,neutral,97.86,basica,2-basico,musica,11.1
2025-08-26,11:49:48,Mujer,sorpresa,0.0,basica,2-basico,musica,11.1
2025-08-26,11:49:48,Mujer,miedo,1.14,basica,2-basico,musica,11.1
2025-08-26,11:49:48,Mujer,asco,0.0,basica,2-basico,musica,11.1
2025-08-26,11:49:48,Hombre,feliz,18.35,basica,2-basico,musica,11.1
2025-08-26,11:49:48,Hombre,triste,0.78,basica,2-basico,musica,11.1
2025-08-26,11:49:48,Hombre,enojado,0.27,basica,2-basico,musica,11.1
2025-08-26,11:49:48,Hombre,neutral,80.56,basica,2-basico,musica,11.1
2025-08-26,11:49:48,Hombre,sorpresa,0.0,basica,2-basico,musica,11.1
2025-08-26,11:49:48,Hombre,miedo,0.03,basica,2-basico,musica,11.1
2025-08-26,11:49:48,Hombre,asco,0.0,basica,2-basico,musica,11.1
2025-08-26,11:49:54,Mujer,feliz,0.0,basica,2-basico,musica,11.1
2025-08-26,11:49:54,Mujer,triste,6.96,basica,2-basico,musica,11.1
2025-08-26,11:49:54,Mujer,enojado,0.33,basica,2-basico,musica,11.1
2025-08-26,11:49:54,Mujer,neutral,91.75,basica,2-basico,musica,11.1
2025-08-26,11:49:54,Mujer,sorpresa,0.0,basica,2-basico,musica,11.1
2025-08-26,11:49:54,Mujer,miedo,0.96,basica,2-basico,musica,11.1
2025-08-26,11:49:54,Mujer,asco,0.0,basica,2-basico,musica,11.1
2025-08-26,11:49:54,Hombre,feliz,81.1,basica,2-basico,musica,11.1
2025-08-26,11:49:54,Hombre,triste,0.04,basica,2-basico,musica,11.1
2025-08-26,11:49:54,Hombre,enojado,0.08,basica,2-basico,musica,11.1
2025-08-26,11:49:54,Hombre,neutral,18.75,basica,2-basico,musica,11.1
2025-08-26,11:49:54,Hombre,sorpresa,0.01,basica,2-basico,musica,11.1
2025-08-26,11:49:54,Hombre,miedo,0.01,basica,2-basico,musica,11.1
2025-08-26,11:49:54,Hombre,asco,0.0,basica,2-basico,musica,11.1
2025-08-26,11:50:00,Mujer,feliz,0.0,basica,2-basico,musica,11.1
2025-08-26,11:50:00,Mujer,triste,2.96,basica,2-basico,musica,11.1
2025-08-26,11:50:00,Mujer,enojado,0.21,basica,2-basico,musica,11.1
2025-08-26,11:50:00,Mujer,neutral,95.69,basica,2-basico,musica,11.1
2025-08-26,11:50:00,Mujer,sorpresa,0.0,basica,2-basico,musica,11.1
2025-08-26,11:50:00,Mujer,miedo,1.14,basica,2-basico,musica,11.1
2025-08-26,11:50:00,Mujer,asco,0.0,basica,2-basico,musica,11.1
2025-08-26,11:50:00,Hombre,feliz,0.0,basica,2-basico,musica,11.1
2025-08-26,11:50:00,Hombre,triste,0.37,basica,2-basico,musica,11.1
2025-08-26,11:50:00,Hombre,enojado,5.84,basica,2-basico,musica,11.1
2025-08-26,11:50:00,Hombre,neutral,93.79,basica,2-basico,musica,11.1
2025-08-26,11:50:00,Hombre,sorpresa,0.0,basica,2-basico,musica,11.1
2025-08-26,11:50:00,Hombre,miedo,0.0,basica,2-basico,musica,11.1
2025-08-26,11:50:00,Hombre,asco,0.0,basica,2-basico,musica,11.1
2025-08-26,11:50:06,Mujer,feliz,0.41,basica,2-basico,musica,11.1
2025-08-26,11:50:06,Mujer,triste,20.86,basica,2-basico,musica,11.1
2025-08-26,11:50:06,Mujer,enojado,28.21,basica,2-basico,musica,11.1
2025-08-26,11:50:06,Mujer,neutral,44.82,basica,2-basico,musica,11.1
2025-08-26,11:50:06,Mujer,sorpresa,0.01,basica,2-basico,musica,11.1
2025-08-26,11:50:06,Mujer,miedo,5.69,basica,2-basico,musica,11.1
2025-08-26,11:50:06,Mujer,asco,0.0,basica,2-basico,musica,11.1
2025-08-26,11:50:06,Hombre,feliz,0.03,basica,2-basico,musica,11.1
2025-08-26,11:50:06,Hombre,triste,34.99,basica,2-basico,musica,11.1
2025-08-26,11:50:06,Hombre,enojado,10.76,basica,2-basico,musica,11.1
2025-08-26,11:50:06,Hombre,neutral,48.89,basica,2-basico,musica,11.1
2025-08-26,11:50:06,Hombre,sorpresa,0.0,basica,2-basico,musica,11.1
2025-08-26,11:50:06,Hombre,miedo,5.3,basica,2-basico,musica,11.1
2025-08-26,11:50:06,Hombre,asco,0.03,basica,2-basico,musica,11.1
